name,id,shop,updated
妖流(よる),yoru_STMN_,star_terminal,1731588056344
カノン,AB_kanonn,AB_ANGELBABY,1731588075833
ゆず,yuyzZhh,maisonzzhh,1731588062976
みお,mio_oremei,orenomaid,1731588068167
さくら,sakura_bribbon,black_ribbon_c,1731588036314
みくに,mikuni_ribbon,black_ribbon_c,1731588038580
ごま,goma_bribbon,black_ribbon_c,1731588042646
こはく,kohaku_bribbon,black_ribbon_c,1731588046913
べに,beni_bribbon,black_ribbon_c,1731588053567
めあ,mea_ribbon,black_ribbon_c,1731588071130
みにょ,mihyo_ribbon,castle_ribbon,1731588055011
ぴあの🎶,_piano_ribbon,palace_ribbon,1736756802936
もゆ🐰,moyu_ribbon,palace_ribbon,1736757102980