10,sakura_bribbon,black_ribbon_c,2024-10-14T17:00,2024-10-14T22:00
10,mikuni_ribbon,black_ribbon_c,2024-10-12T18:00,2024-10-12T23:00
10,mikuni_ribbon,black_ribbon_c,2024-10-13T18:00,2024-10-13T23:00
10,beni_bribbon,black_ribbon_c,2024-10-09T18:00,2024-10-09T22:00
10,mihyo_ribbon,castle_ribbon,2024-10-09T18:00,2024-10-09T22:00
10,mihyo_ribbon,castle_ribbon,2024-10-11T17:00,2024-10-11T22:00
10,mihyo_ribbon,black_ribbon_c,2024-10-11T22:00,2024-10-11T23:00
10,mihyo_ribbon,castle_ribbon,2024-10-13T12:00,2024-10-13T21:30
10,mihyo_ribbon,castle_ribbon,2024-10-14T18:00,2024-10-14T22:00
10,yoru_STMN_,star_terminal,2024-10-07T17:00,2024-10-07T23:00
10,yoru_STMN_,star_terminal,2024-10-09T17:00,2024-10-09T23:00
10,yoru_STMN_,star_terminal,2024-10-11T16:00,2024-10-11T23:00
10,yoru_STMN_,star_terminal,2024-10-14T17:00,2024-10-14T23:00
10,coco_petitplume,petitplume12,2024-10-11T18:00,2024-10-11T23:00
10,coco_petitplume,petitplume12,2024-10-13T20:00,2024-10-13T23:00
10,yuyzZhh,maisonzzhh,2024-10-07T17:00,2024-10-07T22:00
10,yuyzZhh,maisonzzhh,2024-10-11T17:00,2024-10-11T22:00
10,yuyzZhh,maisonzzhh,2024-10-12T20:00,2024-10-12T23:00
11,sakura_bribbon,black_ribbon_c,2024-10-20T18:00,2024-10-20T23:00
11,sakura_bribbon,black_ribbon_c,2024-10-21T18:00,2024-10-21T23:00
11,sakura_bribbon,black_ribbon_c,2024-10-23T18:00,2024-10-23T23:00
11,sakura_bribbon,black_ribbon_c,2024-10-24T18:00,2024-10-24T23:00
11,sakura_bribbon,black_ribbon_c,2024-10-25T18:00,2024-10-25T23:00
11,sakura_bribbon,black_ribbon_c,2024-10-26T14:00,2024-10-26T23:00
11,sakura_bribbon,black_ribbon_c,2024-10-27T16:00,2024-10-27T22:00
11,sakura_bribbon,black_ribbon_c,2024-10-30T18:00,2024-10-30T22:00
11,sakura_bribbon,black_ribbon_c,2024-10-31T18:00,2024-10-31T23:00
11,goma_bribbon,black_ribbon_c,2024-10-19T14:00,2024-10-19T23:00
11,goma_bribbon,black_ribbon_c,2024-10-21T14:00,2024-10-21T17:30
11,goma_bribbon,black_ribbon_c,2024-10-23T16:00,2024-10-23T23:00
11,beni_bribbon,black_ribbon_c,2024-10-19T14:00,2024-10-19T22:00
11,beni_bribbon,black_ribbon_c,2024-10-21T18:00,2024-10-21T22:00
11,beni_bribbon,black_ribbon_c,2024-10-23T18:00,2024-10-23T22:00
11,beni_bribbon,black_ribbon_c,2024-10-24T18:00,2024-10-24T22:00
11,beni_bribbon,black_ribbon_c,2024-10-26T14:00,2024-10-26T22:00
11,beni_bribbon,black_ribbon_c,2024-10-27T16:00,2024-10-27T22:00
11,beni_bribbon,black_ribbon_c,2024-10-28T18:00,2024-10-28T22:00
11,beni_bribbon,black_ribbon_c,2024-10-30T18:00,2024-10-30T22:00
11,mihyo_ribbon,castle_ribbon,2024-10-19T21:00,2024-10-19T23:00
11,mihyo_ribbon,castle_ribbon,2024-10-20T13:00,2024-10-20T18:00
11,mihyo_ribbon,castle_ribbon,2024-10-30T18:00,2024-10-30T22:00
11,yoru_STMN_,star_terminal,2024-10-19T17:00,2024-10-19T23:00
11,yoru_STMN_,star_terminal,2024-10-21T17:00,2024-10-21T23:00
11,yoru_STMN_,star_terminal,2024-10-23T17:00,2024-10-23T23:00
11,yoru_STMN_,star_terminal,2024-10-24T17:00,2024-10-24T23:00
11,yoru_STMN_,star_terminal,2024-10-25T16:00,2024-10-25T23:00
11,yoru_STMN_,star_terminal,2024-10-26T17:00,2024-10-26T23:00
11,yoru_STMN_,star_terminal,2024-10-28T17:00,2024-10-28T23:00
11,yoru_STMN_,star_terminal,2024-10-31T16:00,2024-10-31T23:00
11,coco_petitplume,petitplume12,2024-10-19T18:00,2024-10-19T23:00
11,coco_petitplume,petitplume12,2024-10-23T18:00,2024-10-23T23:00
11,coco_petitplume,petitplume12,2024-10-25T20:00,2024-10-25T23:00
11,coco_petitplume,petitplume12,2024-10-26T18:00,2024-10-26T23:00
11,yuyzZhh,maisonzzhh,2024-10-19T23:00,2024-10-20T05:00
11,yuyzZhh,maisonzzhh,2024-10-20T17:00,2024-10-22T22:00
11,yuyzZhh,maisonzzhh,2024-10-23T17:00,2024-10-23T22:00
11,yuyzZhh,maisonzzhh,2024-10-26T17:00,2024-10-27T05:00
12,AB_kanonn,AB_ANGELBABY,2024-10-29T18:00,2024-10-29T23:00
12,AB_kanonn,AB_ANGELBABY,2024-10-31T20:00,2024-11-01T01:00
12,nazu_oremei,orenomaid,2024-10-31T19:00,2024-10-31T23:00
12,mio_oremei,orenomaid,2024-10-29T18:00,2024-10-29T22:00
12,mio_oremei,orenomaid,2024-10-30T18:00,2024-10-30T22:00
12,mio_oremei,orenomaid,2024-10-31T18:00,2024-10-31T22:00
12,sakura_bribbon,black_ribbon_c,2024-11-01T18:00,2024-11-01T23:00
12,sakura_bribbon,black_ribbon_c,2024-11-02T13:00,2024-11-02T23:00
12,sakura_bribbon,black_ribbon_c,2024-11-03T13:00,2024-11-03T23:00
12,sakura_bribbon,black_ribbon_c,2024-11-04T17:00,2024-11-04T23:00
12,sakura_bribbon,black_ribbon_c,2024-11-06T18:00,2024-11-06T23:00
12,sakura_bribbon,black_ribbon_c,2024-11-07T18:00,2024-11-07T22:00
12,sakura_bribbon,black_ribbon_c,2024-11-08T18:00,2024-11-08T23:00
12,sakura_bribbon,black_ribbon_c,2024-11-09T14:00,2024-11-09T23:00
12,sakura_bribbon,black_ribbon_c,2024-11-10T13:00,2024-11-10T23:00
12,sakura_bribbon,black_ribbon_c,2024-11-11T18:00,2024-11-11T23:00
12,sakura_bribbon,black_ribbon_c,2024-11-13T18:00,2024-11-13T23:00
12,sakura_bribbon,black_ribbon_c,2024-11-14T18:00,2024-11-14T23:00
12,sakura_bribbon,black_ribbon_c,2024-11-15T18:00,2024-11-15T23:00
12,mikuni_ribbon,black_ribbon_c,2024-11-02T18:00,2024-11-02T23:00
12,mikuni_ribbon,black_ribbon_c,2024-11-09T18:00,2024-11-09T23:00
12,kohaku_bribbon,black_ribbon_c,2024-10-30T18:00,2024-10-30T22:00
13,nazu_oremei,orenomaid,2024-11-04T18:00,2024-11-04T23:00
13,nazu_oremei,orenomaid,2024-11-05T18:00,2024-11-05T23:00
13,nazu_oremei,orenomaid,2024-11-09T18:00,2024-11-09T23:00
13,nazu_oremei,orenomaid,2024-11-10T18:00,2024-11-10T23:00
13,nazu_oremei,orenomaid,2024-11-11T18:00,2024-11-11T23:00
13,nazu_oremei,orenomaid,2024-11-12T18:00,2024-11-12T23:00
13,nazu_oremei,orenomaid,2024-11-16T18:00,2024-11-16T23:00
13,nazu_oremei,orenomaid,2024-11-18T18:00,2024-11-18T23:00
13,nazu_oremei,orenomaid,2024-11-19T18:00,2024-11-19T23:00
13,nazu_oremei,orenomaid,2024-11-24T18:00,2024-11-24T23:00
13,nazu_oremei,orenomaid,2024-11-25T18:00,2024-11-25T23:00
13,nazu_oremei,orenomaid,2024-11-26T18:00,2024-11-26T23:00
13,nazu_oremei,orenomaid,2024-11-29T18:00,2024-11-29T23:00
13,nazu_oremei,orenomaid,2024-11-30T18:00,2024-11-30T23:00