name,id,updated
リボンの古城カフェ,black_ribbon_c,1731587572788
リボンの宮殿カフェ,palace_ribbon,1731587877412
maison是々非々,maisonzzhh,1731587889497
おれのメイド。,orenomaid,1731587887255
HADES,CafeBar_HADES,1737034512692
灯のnell 💐,nell_tomoshibi,1747317112118
海月の街aoco ଳ,aoco_osu,1749483917108
地雷系×お姫様コンカフェBelle,Belle__nagoya,1758114818893
🥀Chou Chou -しゅしゅ-🥀,CDB_chouchou,1760630695515
廃墟のエヴァレット大須店,Schwarz_evarett,1765796907225
廃墟のエヴァレット栄店,evarett0626,1765796931200
ANGEL BABY,AB_ANGELBABY,1731587884922
RicoRico,ricorico_osu,1731587916187
ポンカフェ🀄大須,poncafe_osu,1731587912488
リボンのお城カフェ,castle_ribbon,1731587864770
ニャンだふる,nyanderful_2023,1731587913470
☆ミなる -Starminal-,star_terminal,1731587891197
petit plume,petitplume12,1731587894851